player_id,team_id,first_name,last_name,birth_date,height,weight,position,draft_year,season_exp
1642402,1610612750,Enrique,Freeman,2000-07-29,79,220,F,2024,1
1642377,1610612763,Jaylen,Wells,2003-08-26,80,,F,2024,1
1642367,1610612761,Jonathan,Mogbo,2001-10-29,81,225,F,2024,1
1642366,1610612744,Quinten,Post,2000-03-21,84,238,C,2024,1
1642365,1610612737,Nikola,Đurišić,2004-02-23,80,214,G,2024,
1642359,1610612752,Pacôme,Dadiet,2005-07-27,80,210,F,2024,1
1642358,1610612764,AJ,Johnson,2004-12-01,77,160,G,2024,1
1642355,1610612747,Bronny,James,2004-10-06,75,210,G,2024,1
1642354,1610612766,KJ,Simpson,2002-08-08,72,189,G,2024,1
1642353,1610612746,Cam,Christie,2005-07-24,78,190,G,2024,1
1642349,1610612760,Ajay,Mitchell,2002-06-25,77,190,G,2024,1
1642347,1610612761,Jamal,Shead,2002-07-24,73,200,G,2024,1
1642346,1610612756,Ryan,Dunn,2003-01-07,80,216,F,2024,1
1642345,1610612756,Oso,Ighodaro,2002-07-14,84,235,F,2024,1
1642285,1610612763,Cam,Spencer,2000-04-06,76,205,G,2024,1
1642281,1610612739,Jaylon,Tyson,2002-12-02,78,215,G-F,2024,1
1642279,1610612761,Ulrich,Chomche,2005-12-30,83,235,C,2024,1
1642278,1610612752,Tyler,Kolek,2001-03-27,75,195,G,2024,1
1642277,1610612754,Johnny,Furphy,2004-12-08,81,200,G,2024,1
1642276,1610612748,Kel'el,Ware,2004-04-20,84,230,C,2024,1
1642275,1610612766,Tidjane,Salaün,2005-08-10,80,207,F,2024,1
1642274,1610612740,Yves,Missi,2004-05-14,83,235,C,2024,1
1642273,1610612764,Kyshawn,George,2003-12-12,80,200,F,2024,1
1642272,1610612755,Jared,McCain,2004-02-20,75,195,G,2024,1
1642271,1610612762,Kyle,Filipowski,2003-11-07,83,250,C,2024,1
1642270,1610612757,Donovan,Clingan,2004-02-23,86,280,C,2024,1
1642269,1610612758,Devin,Carter,2002-03-18,74,195,G,2024,1
1642268,1610612762,Isaiah,Collier,2004-10-08,75,210,G,2024,1
1642267,1610612764,Bub,Carrington,2005-07-21,76,190,G,2024,1
1642266,1610612761,Ja'Kobe,Walter,2004-09-04,77,180,G,2024,1
1642265,1610612750,Rob,Dillingham,2005-01-04,75,175,G,2024,1
1642264,1610612759,Stephon,Castle,2004-11-01,78,215,G,2024,1
1642263,1610612745,Reed,Sheppard,2004-06-24,74,185,G,2024,1
1642262,1610612762,Cody,Williams,2004-11-20,79,190,F,2024,1
1642261,1610612747,Dalton,Knecht,2001-04-19,78,215,F,2024,1
1642260,1610612760,Nikola,Topić,2005-08-10,78,200,G,2024,
1642259,1610612764,Alex,Sarr,2005-04-26,84,205,C,2024,1
1642258,1610612737,Zaccharie,Risacher,2005-04-08,80,200,F,2024,1
1641890,1610612749,Tyler,Smith,2004-11-02,81,224,F,2024,1
1641842,1610612765,Ronald,Holland II,2005-07-07,80,206,F,2024,1
1641824,1610612741,Matas,Buzelis,2004-10-13,82,209,F,2024,1
1641817,1610612752,Anton,Watson,2000-10-06,80,225,F,2024,1
1641816,1610612743,Hunter,Tyson,2000-06-13,80,215,F,2023,2
1641810,1610612766,Antonio,Reeves,2000-11-20,77,205,G,2024,1
1641803,1610612750,Tristen,Newton,2001-04-26,77,190,G,2024,1
1641796,1610612748,Pelle,Larsson,2001-02-23,77,215,G,2024,1
1641794,1610612764,Dillon,Jones,2001-10-29,77,235,F,2024,1
1641783,1610612753,Tristan,da Silva,2001-05-15,80,217,F,2024,1
1641775,1610612738,Jordan,Walsh,2004-03-03,78,205,G,2023,2
1641774,1610612764,Tristan,Vukcevic,2003-03-11,84,220,F,2023,2
1641771,1610612754,Jalen,Slawson,1999-10-22,79,215,F,2023,1
1641767,1610612754,Ben,Sheppard,2001-07-16,78,190,G,2023,2
1641765,1610612763,Olivier-Maxence,Prosper,2002-07-03,79,230,F,2023,2
1641764,1610612744,Brandin,Podziemski,2003-02-25,76,205,G,2023,2
1641763,1610612741,Julian,Phillips,2003-11-05,80,198,F,2023,2
1641757,1610612746,Jordan,Miller,2000-01-23,77,194,G,2023,2
1641755,1610612752,Kevin,McCullar Jr.,2001-03-15,78,210,G,2024,1
1641754,1610612746,Seth,Lundy,2000-04-02,76,220,G-F,2023,1
1641753,1610612749,Chris,Livingston,2003-10-15,78,220,F,2023,2
1641752,1610612765,Bobi,Klintman,2003-03-06,81,225,F,2024,1
1641748,1610612749,Andre,Jackson Jr.,2001-11-13,78,209,G,2023,2
1641747,1610612743,DaRon,Holmes II,2002-08-15,82,225,F,2024,
1641744,1610612763,Zach,Edey,2002-05-14,88,305,C,2024,1
1641740,1610612750,Jaylen,Clark,2001-10-13,76,205,G,2023,1
1641739,1610612757,Toumani,Camara,2000-05-08,79,229,F,2023,2
1641738,1610612746,Kobe,Brown,2000-01-01,79,250,F,2023,2
1641737,1610612755,Adem,Bona,2003-03-28,82,235,F,2024,1
1641734,1610612739,Emoni,Bates,2004-01-28,80,202,F,2023,2
1641733,1610612766,Nick,Smith Jr.,2004-04-18,74,185,G,2023,2
1641732,1610612765,Colby,Jones,2002-05-28,78,207,G,2023,2
1641731,1610612764,Bilal,Coulibaly,2004-07-26,80,195,G,2023,2
1641730,1610612751,Noah,Clowney,2004-07-14,81,210,F-C,2023,2
1641729,1610612762,Brice,Sensabaugh,2003-10-30,77,235,F,2023,2
1641727,1610612751,Dariq,Whitehead,2004-08-01,78,220,G-F,2023,2
1641726,1610612742,Dereck,Lively II,2004-02-12,85,230,C,2023,2
1641724,1610612753,Jett,Howard,2003-09-14,78,215,G,2023,2
1641723,1610612751,Kobe,Bufkin,2003-09-21,76,195,G,2023,2
1641722,1610612740,Jordan,Hawkins,2002-04-29,77,190,G,2023,2
1641720,1610612755,Jalen,Hood-Schifino,2003-06-19,77,210,G,2023,2
1641718,1610612762,Keyonte,George,2003-11-08,76,185,G,2023,2
1641717,1610612760,Cason,Wallace,2003-11-07,75,195,G,2023,2
1641716,1610612754,Jarace,Walker,2003-09-04,79,235,F,2023,2
1641715,1610612764,Cam,Whitmore,2004-07-08,79,230,F,2023,2
1641713,1610612763,GG,Jackson,2004-12-17,81,210,F,2023,2
1641712,1610612757,Rayan,Rupert,2004-05-31,78,195,G-F,2023,2
1641711,1610612761,Gradey,Dick,2003-11-20,78,200,G-F,2023,2
1641710,1610612753,Anthony,Black,2004-01-20,79,200,G,2023,2
1641709,1610612765,Ausar,Thompson,2003-01-30,78,205,G-F,2023,2
1641708,1610612745,Amen,Thompson,2003-01-30,79,200,G-F,2023,2
1641707,1610612762,Taylor,Hendricks,2003-11-22,81,215,F,2023,2
1641706,1610612766,Brandon,Miller,2002-11-22,79,200,F,2023,2
1641705,1610612759,Victor,Wembanyama,2004-01-04,87,235,F-C,2023,2
1631321,1610612757,Sidy,Cissoko,2004-04-02,78,200,G,2023,2
1631255,1610612740,Karlo,Matković,2001-03-30,82,231,F-C,2022,1
1631248,1610612738,Baylor,Scheierman,2000-09-26,78,205,G,2024,1
1631247,1610612739,Luke,Travers,2001-09-03,79,207,F,2022,1
1631246,1610612763,Vince,Williams Jr.,2000-08-30,76,205,G,2022,3
1631243,1610612737,Mouhamed,Gueye,2002-11-09,82,210,F,2023,2
1631223,1610612761,David,Roddy,2001-03-27,76,255,F,2022,3
1631222,1610612747,Jake,LaRavia,2001-11-03,79,235,F,2022,3
1631218,1610612744,Trayce,Jackson-Davis,2000-02-22,81,245,F,2023,2
1631217,1610612766,Moussa,Diabaté,2002-01-21,81,210,F,2022,3
1631216,1610612737,Caleb,Houstan,2003-01-09,80,205,G,2022,3
1631213,1610612751,Tyrese,Martin,1999-03-07,78,215,F,2022,2
1631212,1610612743,Peyton,Watson,2002-09-11,79,200,G,2022,3
1631211,1610612748,Trevor,Keels,2003-08-26,77,215,G,2022,1
1631207,1610612741,Dalen,Terry,2002-07-12,79,195,F,2022,3
1631204,1610612765,Marcus,Sasser,2000-09-21,74,195,G,2023,2
1631200,1610612757,Kris,Murray,2000-08-19,80,216,F,2023,2
1631172,1610612760,Ousmane,Dieng,2003-05-21,81,185,F,2022,3
1631170,1610612748,Jaime,Jaquez Jr.,2001-02-18,78,225,G,2023,2
1631169,1610612738,Josh,Minott,2002-11-25,80,205,F,2022,3
1631159,1610612750,Leonard,Miller,2003-11-26,82,220,F,2023,2
1631157,1610612749,Ryan,Rollins,2002-07-03,75,180,G,2022,3
1631133,1610612755,Jabari,Walker,2002-07-30,79,237,F,2022,3
1631132,1610612747,Christian,Koloko,2000-06-20,84,225,C,2022,2
1631128,1610612743,Christian,Braun,2001-04-17,78,220,G,2022,3
1631127,1610612759,Harrison,Ingram,2002-11-27,77,230,F,2024,1
1631124,1610612743,Julian,Strawther,2002-04-18,78,205,G,2023,2
1631121,1610612740,Bryce,McGowens,2002-11-08,78,190,G,2022,3
1631120,1610612745,JD,Davison,2002-10-03,73,195,G,2022,3
1631119,1610612760,Jaylin,Williams,2002-06-29,81,240,F,2022,3
1631117,1610612762,Walker,Kessler,2001-07-26,84,245,C,2022,3
1631116,1610612746,Patrick,Baldwin Jr.,2002-11-18,81,220,F,2022,3
1631114,1610612760,Jalen,Williams,2001-04-14,77,211,G-F,2022,3
1631112,1610612738,Kendall,Brown,2003-05-11,79,205,G,2022,2
1631111,1610612766,Wendell,Moore Jr.,2001-09-18,77,215,G,2022,3
1631110,1610612759,Jeremy,Sochan,2003-05-20,80,230,F,2022,3
1631109,1610612756,Mark,Williams,2001-12-16,84,240,C,2022,3
1631108,1610612742,Max,Christie,2003-02-10,77,190,G,2022,3
1631107,1610612748,Nikola,Jović,2003-06-09,82,205,F,2022,3
1631106,1610612745,Tari,Eason,2001-05-10,80,215,F,2022,3
1631105,1610612765,Jalen,Duren,2003-11-18,82,250,C,2022,3
1631104,1610612757,Blake,Wesley,2003-03-16,75,185,G,2022,3
1631103,1610612764,Malaki,Branham,2003-05-12,76,180,F,2022,3
1631102,1610612746,TyTy,Washington Jr.,2001-11-15,75,195,G,2022,3
1631101,1610612757,Shaedon,Sharpe,2003-05-30,77,208,G,2022,3
1631099,1610612758,Keegan,Murray,2000-08-19,80,225,F,2022,3
1631097,1610612754,Bennedict,Mathurin,2002-06-19,77,210,G-F,2022,3
1631096,1610612760,Chet,Holmgren,2002-05-01,85,208,C-F,2022,2
1631095,1610612745,Jabari,Smith Jr.,2003-05-13,82,220,F,2022,3
1631094,1610612753,Paolo,Banchero,2002-11-12,82,250,F,2022,3
1631093,1610612765,Jaden,Ivey,2002-02-13,76,195,G,2022,3
1630703,1610612757,Scoot,Henderson,2004-02-03,75,206,G,2023,2
1630702,1610612742,Jaden,Hardy,2002-07-05,75,198,G,2022,3
1630700,1610612737,Dyson,Daniels,2003-03-17,79,199,G,2022,3
1630699,1610612752,MarJon,Beauchamp,2000-10-12,79,199,F,2022,3
1630625,1610612757,Dalano,Banton,1999-11-07,80,203,F,2021,4
1630611,1610612744,Gui,Santos,2002-06-22,78,185,F,2022,2
1630604,1610612751,E.J.,Liddell,2000-12-18,78,240,F,2022,2
1630598,1610612760,Aaron,Wiggins,1999-01-02,77,190,G,2021,4
1630596,1610612739,Evan,Mobley,2001-06-18,83,215,C,2021,4
1630595,1610612765,Cade,Cunningham,2001-09-25,78,220,G,2021,4
1630592,1610612751,Jalen,Wilson,2000-11-04,78,220,F,2023,2
1630591,1610612753,Jalen,Suggs,2001-06-03,77,205,G,2021,4
1630587,1610612756,Isaiah,Livers,1998-07-28,78,232,F,2021,3
1630586,1610612744,Usman,Garuba,2002-03-09,80,229,F,2021,2
1630583,1610612763,Santi,Aldama,2001-01-10,84,215,F-C,2021,4
1630581,1610612741,Josh,Giddey,2002-10-10,80,216,G,2021,4
1630579,1610612749,Jericho,Sims,1998-10-20,82,250,C,2021,4
1630578,1610612745,Alperen,Sengun,2002-07-25,83,243,C,2021,4
1630574,1610612752,Ariel,Hukporti,2002-04-12,83,246,C,2024,1
1630572,1610612761,Sandro,Mamukelashvili,1999-05-23,81,240,F-C,2021,4
1630568,1610612738,Luka,Garza,1998-12-27,82,243,C,2021,4
1630567,1610612761,Scottie,Barnes,2001-08-01,79,237,F-G,2021,4
1630564,1610612759,RaiQuan,Gray,1999-07-07,79,269,F,2021,1
1630560,1610612751,Cam,Thomas,2001-10-13,75,210,G,2021,4
1630558,1610612748,Davion,Mitchell,1998-09-05,72,202,G,2021,4
1630557,1610612764,Corey,Kispert,1999-03-03,78,224,F,2021,4
1630556,1610612743,Kessler,Edwards,2000-08-09,79,203,F,2021,4
1630554,1610612746,Jason,Preston,1999-08-10,75,181,G,2021,2
1630553,1610612751,Keon,Johnson,2002-03-10,77,185,G,2021,4
1630552,1610612737,Jalen,Johnson,2001-12-18,80,219,F,2021,4
1630550,1610612764,JT,Thor,2002-08-26,81,203,F,2021,4
1630549,1610612751,Day'Ron,Sharpe,2001-11-06,81,265,C,2021,4
1630545,1610612750,Terrence,Shannon Jr.,2000-07-30,78,215,G-F,2024,1
1630544,1610612766,Tre,Mann,2001-02-03,75,178,G,2021,4
1630543,1610612754,Isaiah,Jackson,2002-01-10,81,205,F,2021,4
1630541,1610612744,Moses,Moody,2002-05-31,77,211,G,2021,4
1630540,1610612752,Miles,McBride,2000-09-08,73,195,G,2021,4
1630539,1610612742,Kai,Jones,2001-01-19,83,221,C-F,2021,3
1630538,1610612750,Bones,Hyland,2000-09-14,74,169,G,2021,4
1630536,1610612764,Sharife,Cooper,2001-06-11,72,176,G,2021,1
1630534,1610612761,Ochai,Agbaji,2000-04-20,77,215,G,2022,3
1630533,1610612751,Ziaire,Williams,2001-09-12,81,185,F,2021,4
1630532,1610612753,Franz,Wagner,2001-08-27,82,220,F,2021,4
1630531,1610612740,Jaden,Springer,2002-09-25,76,202,G,2021,4
1630530,1610612740,Trey,Murphy III,2000-06-18,80,206,F,2021,4
1630529,1610612740,Herbert,Jones,1998-10-06,79,206,F,2021,4
1630528,1610612748,Josh,Christopher,2001-12-08,76,215,G,2021,3
1630527,1610612740,Brandon,Boston,2001-11-28,78,188,G,2021,4
1630526,1610612740,Jeremiah,Robinson-Earl,2000-11-03,80,240,F,2021,4
1630249,1610612737,Vít,Krejčí,2000-06-19,80,195,G,2020,4
1630245,1610612741,Ayo,Dosunmu,2000-01-17,77,200,G,2021,4
1630241,1610612739,Sam,Merrill,1996-05-15,76,205,G,2020,5
1630240,1610612756,Saben,Lee,1999-06-23,74,183,G,2020,3
1630231,1610612762,KJ,Martin,2001-01-06,78,215,F,2020,5
1630228,1610612744,Jonathan,Kuminga,2002-10-06,79,225,F,2021,4
1630224,1610612756,Jalen,Green,2002-02-09,76,186,G,2021,4
1630217,1610612753,Desmond,Bane,1998-06-25,77,215,G,2020,5
1630215,1610612756,Jared,Butler,2000-08-25,75,193,G,2021,4
1630214,1610612738,Xavier,Tillman,1999-01-12,79,245,F,2020,5
1630208,1610612756,Nick,Richards,1997-11-29,84,245,C,2020,5
1630202,1610612738,Payton,Pritchard,1998-01-28,73,195,G,2020,5
1630200,1610612741,Tre,Jones,2000-01-08,73,185,G,2020,5
1630198,1610612760,Isaiah,Joe,1999-07-02,75,165,G,2020,5
1630197,1610612766,Aleksej,Pokusevski,2001-12-26,84,210,F,2020,3
1630194,1610612765,Paul,Reed,1999-06-14,81,210,F,2020,5
1630193,1610612761,Immanuel,Quickley,1999-06-17,74,190,G,2020,5
1630192,1610612743,Zeke,Nnaji,2001-01-09,81,240,F-C,2020,5
1630191,1610612765,Isaiah,Stewart,2001-05-22,80,250,F-C,2020,5
1630188,1610612741,Jalen,Smith,2000-03-16,81,215,F-C,2020,5
1630183,1610612750,Jaden,McDaniels,2000-09-29,81,185,F,2020,5
1630182,1610612766,Josh,Green,2000-11-16,77,200,G,2020,5
1630180,1610612740,Saddiq,Bey,1999-04-09,79,215,G-F,2020,4
1630178,1610612755,Tyrese,Maxey,2000-11-04,74,200,G,2020,5
1630175,1610612749,Cole,Anthony,2000-05-15,74,185,G,2020,5
1630174,1610612754,Aaron,Nesmith,1999-10-16,78,215,G-F,2020,5
1630173,1610612752,Precious,Achiuwa,1999-09-19,80,243,F,2020,5
1630172,1610612741,Patrick,Williams,2001-08-26,79,215,F,2020,5
1630171,1610612741,Isaac,Okoro,2001-01-26,77,225,F-G,2020,5
1630170,1610612759,Devin,Vassell,2000-08-23,77,200,G-F,2020,5
1630169,1610612754,Tyrese,Haliburton,2000-02-29,77,185,G,2020,5
1630168,1610612737,Onyeka,Okongwu,2000-12-11,82,240,F-C,2020,5
1630167,1610612754,Obi,Toppin,1998-03-04,81,220,F,2020,5
1630166,1610612757,Deni,Avdija,2001-01-03,81,240,F,2020,5
1630164,1610612754,James,Wiseman,2001-03-31,83,240,C,2020,4
1630163,1610612766,LaMelo,Ball,2001-08-22,79,180,G,2020,5
1630162,1610612750,Anthony,Edwards,2001-08-05,76,225,G,2020,5
1629684,1610612766,Grant,Williams,1998-11-30,78,236,F,2019,6
1629680,1610612757,Matisse,Thybulle,1997-03-04,77,201,G-F,2019,6
1629678,1610612753,Admiral,Schofield,1997-03-30,77,241,F,2019,3
1629677,1610612762,Luka,Samanic,2000-01-09,82,227,F,2019,3
1629674,1610612738,Neemias,Queta,1999-07-13,84,248,C,2021,4
1629673,1610612740,Jordan,Poole,1999-06-19,76,194,G,2019,6
1629670,1610612761,Jordan,Nwora,1998-09-09,80,225,F,2020,3
1629667,1610612740,Jalen,McDaniels,1998-01-31,81,190,F,2019,6
1629661,1610612743,Cameron,Johnson,1996-03-03,80,210,F,2019,6
1629660,1610612763,Ty,Jerome,1997-07-08,77,195,G-F,2019,6
1629659,1610612741,Talen,Horton-Tucker,2000-11-25,76,234,G,2019,6
1629656,1610612755,Quentin,Grimes,2000-05-08,76,210,G,2021,4
1629655,1610612742,Daniel,Gafford,1998-10-01,82,265,F-C,2019,6
1629651,1610612751,Nic,Claxton,1999-04-17,83,215,C,2019,6
1629646,1610612737,Charles,Bassey,2000-10-28,82,230,C-F,2021,4
1629645,1610612749,Kevin,Porter Jr.,2000-05-04,76,203,G-F,2019,5
1629643,1610612739,Chuma,Okeke,1998-08-18,79,229,F,2019,5
1629640,1610612759,Keldon,Johnson,1999-10-11,77,220,F-G,2019,6
1629639,1610612748,Tyler,Herro,2000-01-20,77,195,G,2019,6
1629638,1610612737,Nickeil,Alexander-Walker,1998-09-02,77,205,G,2019,6
1629637,1610612747,Jaxson,Hayes,2000-05-23,84,220,C-F,2019,6
1629636,1610612739,Darius,Garland,2000-01-26,73,192,G,2019,6
1629634,1610612763,Brandon,Clarke,1996-09-19,80,215,F,2019,6
1629632,1610612741,Coby,White,2000-02-16,77,195,G,2019,6
1629631,1610612739,De'Andre,Hunter,1997-12-02,80,221,F-G,2019,6
1629630,1610612763,Ja,Morant,1999-08-10,74,174,G,2019,6
1629628,1610612761,RJ,Barrett,2000-06-14,78,214,F-G,2019,6
1629627,1610612740,Zion,Williamson,2000-07-06,78,284,F,2019,5
1629626,1610612756,Bol,Bol,1999-11-16,87,220,C-F,2019,6
1629618,1610612743,Jalen,Pickett,1999-10-22,74,202,G,2023,2
1629614,1610612754,Andrew,Nembhard,2000-01-16,76,191,G-F,2022,3
1629611,1610612751,Terance,Mann,1996-10-18,77,215,G-F,2019,6
1629312,1610612751,Haywood,Highsmith,1996-12-09,77,220,F,2018,5
1629060,1610612747,Rui,Hachimura,1998-02-08,80,230,F,2019,6
1629057,1610612757,Robert,Williams III,1997-10-17,81,249,C-F,2018,7
1629048,1610612753,Goga,Bitadze,1999-07-20,82,250,C-F,2019,6
1629029,1610612747,Luka,Dončić,1999-02-28,78,230,F-G,2018,7
1629028,1610612747,Deandre,Ayton,1998-07-23,84,252,C,2018,7
1629027,1610612737,Trae,Young,1998-09-19,73,164,G,2018,7
1629023,1610612742,P.J.,Washington,1998-08-23,78,230,F,2019,6
1629022,1610612755,Lonnie,Walker IV,1998-12-14,76,204,G-F,2018,7
1629021,1610612753,Moritz,Wagner,1997-04-26,83,245,F-C,2018,7
1629020,1610612747,Jarred,Vanderbilt,1999-04-03,80,214,F,2018,7
1629018,1610612749,Gary,Trent Jr.,1999-01-18,77,204,G,2018,7
1629014,1610612738,Anfernee,Simons,1999-06-08,75,200,G,2018,7
1629013,1610612752,Landry,Shamet,1997-03-13,76,190,G,2018,7
1629012,1610612766,Collin,Sexton,1999-01-04,75,190,G,2018,7
1629011,1610612752,Mitchell,Robinson,1998-04-01,84,240,C-F,2018,7
1629010,1610612744,Jerome,Robinson,1997-02-22,77,190,G,2018,3
1629008,1610612751,Michael,Porter Jr.,1998-06-29,82,218,F,2018,6
1629006,1610612745,Josh,Okogie,1998-09-01,76,213,G,2018,7
1629004,1610612762,Svi,Mykhailiuk,1997-06-10,79,205,G-F,2018,7
1629003,1610612747,Shake,Milton,1996-09-26,77,205,G,2018,7
1629002,1610612765,Chimezie,Metu,1997-03-22,82,225,F-C,2018,5
1629001,1610612751,De'Anthony,Melton,1998-05-28,75,200,G,2018,6
1628998,1610612756,Cody,Martin,1995-09-28,78,205,F,2019,5
1628995,1610612744,Kevin,Knox II,1999-08-11,80,215,F,2018,7
1628991,1610612763,Jaren,Jackson Jr.,1999-09-15,82,242,F-C,2018,7
1628989,1610612741,Kevin,Huerter,1998-08-27,79,198,G-F,2018,7
1628988,1610612745,Aaron,Holiday,1996-09-30,72,185,G,2018,7
1628983,1610612760,Shai,Gilgeous-Alexander,1998-07-12,78,195,G,2018,7
1628978,1610612750,Donte,DiVincenzo,1997-01-31,76,203,G,2018,7
1628976,1610612753,Wendell,Carter Jr.,1999-04-16,82,270,C-F,2018,7
1628975,1610612741,Jevon,Carter,1995-09-14,73,200,G,2018,7
1628973,1610612752,Jalen,Brunson,1996-08-31,74,190,G,2018,7
1628972,1610612765,Troy,Brown Jr.,1999-07-28,79,215,G-F,2018,5
1628971,1610612743,Bruce,Brown,1996-08-15,76,202,G-F,2018,7
1628970,1610612766,Miles,Bridges,1998-03-21,79,225,F,2018,6
1628969,1610612752,Mikal,Bridges,1996-08-30,78,209,G-F,2018,7
1628963,1610612764,Marvin,Bagley III,1999-03-14,82,235,F,2018,7
1628962,1610612756,Udoka,Azubuike,1999-09-17,83,270,C-F,2020,3
1628960,1610612756,Grayson,Allen,1995-10-08,76,198,G,2018,7
1628427,1610612743,Vlatko,Čančar,1997-04-10,80,236,F,2017,5
1628426,1610612758,Sasha,Vezenkov,1995-08-06,80,225,F,2017,
1628420,1610612756,Monté,Morris,1995-06-27,74,183,G,2017,8
1628418,1610612754,Thomas,Bryant,1997-07-31,82,248,C-F,2017,8
1628415,1610612756,Dillon,Brooks,1996-01-22,78,225,G-F,2017,8
1628404,1610612752,Josh,Hart,1995-03-06,76,215,G,2017,8
1628401,1610612738,Derrick,White,1994-07-02,76,190,G,2017,8
1628398,1610612749,Kyle,Kuzma,1995-07-24,81,221,F,2017,8
1628396,1610612754,Tony,Bradley,1998-01-08,83,248,C-F,2017,7
1628392,1610612760,Isaiah,Hartenstein,1998-05-05,84,250,C-F,2017,7
1628389,1610612748,Bam,Adebayo,1997-07-18,81,255,C-F,2017,8
1628386,1610612739,Jarrett,Allen,1998-04-21,81,243,C,2017,8
1628385,1610612747,Harry,Giles III,1998-04-22,82,240,F-C,2017,3
1628384,1610612752,OG,Anunoby,1997-07-17,79,240,F-G,2017,8
1628381,1610612746,John,Collins,1997-09-23,81,226,F-C,2017,8
1628380,1610612741,Zach,Collins,1997-11-19,83,250,F-C,2017,7
1628379,1610612737,Luke,Kennard,1996-06-24,77,206,G,2017,8
1628378,1610612739,Donovan,Mitchell,1996-09-07,75,215,G,2017,8
1628374,1610612762,Lauri,Markkanen,1997-05-22,84,240,F-C,2017,8
1628372,1610612751,Dennis,Smith Jr.,1997-11-25,75,205,G,2017,6
1628371,1610612753,Jonathan,Isaac,1997-10-03,82,230,F,2017,6
1628370,1610612758,Malik,Monk,1998-02-04,75,200,G,2017,8
1628369,1610612738,Jayson,Tatum,1998-03-03,80,210,F-G,2017,8
1628368,1610612759,De'Aaron,Fox,1997-12-20,75,185,G,2017,8
1628366,1610612739,Lonzo,Ball,1997-10-27,78,190,G,2017,6
1628365,1610612758,Markelle,Fultz,1998-05-29,76,209,G,2017,8
1627826,1610612746,Ivica,Zubac,1997-03-18,84,240,C,2016,9
1627824,1610612752,Guerschon,Yabusele,1995-12-17,80,265,F,2016,3
1627783,1610612754,Pascal,Siakam,1994-04-02,80,245,F,2016,9
1627777,1610612762,Georges,Niang,1993-06-17,79,230,F,2016,9
1627763,1610612752,Malcolm,Brogdon,1992-12-11,76,229,G,2016,9
1627759,1610612738,Jaylen,Brown,1996-10-24,78,223,G-F,2016,9
1627752,1610612749,Taurean,Prince,1994-03-22,78,218,F,2016,9
1627751,1610612761,Jakob,Poeltl,1995-10-15,84,260,C,2016,9
1627750,1610612743,Jamal,Murray,1997-02-23,76,215,G,2016,8
1627749,1610612740,Dejounte,Murray,1996-09-19,76,180,G,2016,8
1627747,1610612765,Caris,LeVert,1994-08-25,78,205,G,2016,9
1627745,1610612739,Damian,Jones,1995-06-30,82,245,C,2016,7
1627742,1610612761,Brandon,Ingram,1997-09-02,80,190,F,2016,9
1627741,1610612744,Buddy,Hield,1992-12-17,76,220,G,2016,9
1627739,1610612746,Kris,Dunn,1994-03-18,75,205,G,2016,9
1627736,1610612765,Malik,Beasley,1996-11-26,76,187,G,2016,9
1627734,1610612758,Domantas,Sabonis,1996-05-03,82,240,F-C,2016,9
1627732,1610612746,Ben,Simmons,1996-07-20,82,240,G-F,2016,7
1626224,1610612759,Cedi,Osman,1995-04-08,79,230,F,2015,6
1626204,1610612739,Larry,Nance Jr.,1993-01-01,80,245,F-C,2015,10
1626192,1610612766,Pat,Connaughton,1993-01-06,77,209,G,2015,10
1626181,1610612748,Norman,Powell,1993-05-25,76,215,G,2015,10
1626179,1610612748,Terry,Rozier,1994-03-17,73,190,G,2015,10
1626172,1610612740,Kevon,Looney,1996-02-06,81,222,F,2015,10
1626171,1610612749,Bobby,Portis,1995-02-10,82,250,F,2015,10
1626168,1610612758,Trey,Lyles,1995-11-05,81,234,F,2015,10
1626167,1610612749,Myles,Turner,1996-03-24,83,250,C-F,2015,10
1626166,1610612752,Cameron,Payne,1994-08-08,75,183,G,2015,10
1626164,1610612756,Devin,Booker,1996-10-30,78,206,G,2015,10
1626162,1610612755,Kelly,Oubre Jr.,1995-12-09,80,203,F-G,2015,10
1626158,1610612764,Richaun,Holmes,1993-10-15,81,235,F,2015,10
1626157,1610612752,Karl-Anthony,Towns,1995-11-15,84,248,C-F,2015,10
1626156,1610612742,D'Angelo,Russell,1996-02-23,75,193,G,2015,10
1626153,1610612752,Delon,Wright,1992-04-26,77,185,G,2015,10
1626145,1610612753,Tyus,Jones,1996-05-10,73,196,G,2015,10
204456,1610612754,T.J.,McConnell,1992-03-25,73,190,G,2015,10
204001,1610612737,Kristaps,Porziņģis,1995-08-02,86,240,F-C,2015,9
203999,1610612743,Nikola,Jokić,1995-02-19,83,284,C,2014,10
203995,1610612756,Vasilije,Micic,1994-01-13,75,188,G,2014,1
203994,1610612762,Jusuf,Nurkić,1994-08-23,84,290,C,2014,11
203992,1610612746,Bogdan,Bogdanović,1992-08-18,77,225,G,2014,8
203991,1610612745,Clint,Capela,1994-05-18,82,256,C,2014,11
203967,1610612758,Dario,Šarić,1994-04-08,82,225,F-C,2014,8
203957,1610612742,Danté,Exum,1995-07-13,77,214,G,2014,8
203954,1610612755,Joel,Embiid,1994-03-16,84,280,C-F,2014,9
203952,1610612748,Andrew,Wiggins,1995-02-23,79,197,F,2014,11
203944,1610612750,Julius,Randle,1994-11-29,81,250,F-C,2014,11
203939,1610612742,Dwight,Powell,1991-07-20,82,240,F-C,2014,11
203937,1610612762,Kyle,Anderson,1993-09-20,81,230,F-G,2014,11
203935,1610612747,Marcus,Smart,1994-03-06,75,220,G,2014,11
203932,1610612743,Aaron,Gordon,1995-09-16,80,235,F,2014,11
203926,1610612758,Doug,McDermott,1992-01-03,78,225,F,2014,11
203924,1610612757,Jerami,Grant,1994-03-12,79,210,F,2014,11
203915,1610612766,Spencer,Dinwiddie,1993-04-06,77,215,G,2014,11
203914,1610612749,Gary,Harris,1994-09-14,76,210,G,2014,11
203903,1610612752,Jordan,Clarkson,1992-06-07,75,194,G,2014,11
203901,1610612740,Elfrid,Payton,1994-02-22,75,195,G,2014,9
203897,1610612758,Zach,LaVine,1995-03-10,77,200,G,2014,11
203648,1610612749,Thanasis,Antetokounmpo,1992-07-18,79,219,F,2014,6
203507,1610612749,Giannis,Antetokounmpo,1994-12-06,83,243,F,2013,12
203501,1610612743,Tim,Hardaway Jr.,1992-03-16,77,205,G-F,2013,12
203500,1610612745,Steven,Adams,1993-07-20,83,265,C,2013,11
203497,1610612750,Rudy,Gobert,1992-06-26,85,258,C,2013,12
203493,1610612745,Reggie,Bullock Jr.,1991-03-16,78,205,G-F,2013,10
203488,1610612760,Mike,Muscala,1991-07-01,82,240,F-C,2013,10
203486,1610612766,Mason,Plumlee,1990-03-05,82,254,F-C,2013,12
203484,1610612763,Kentavious,Caldwell-Pope,1993-02-18,77,204,G,2013,12
203482,1610612759,Kelly,Olynyk,1991-04-19,83,240,F-C,2013,12
203471,1610612758,Dennis,Schröder,1993-09-15,73,175,G,2013,12
203469,1610612740,Cody,Zeller,1992-10-05,83,240,F-C,2013,10
203468,1610612764,CJ,McCollum,1991-09-19,75,190,G,2013,12
203458,1610612752,Alex,Len,1993-06-16,84,250,C,2013,12
203114,1610612764,Khris,Middleton,1991-08-12,79,222,F,2012,13
203110,1610612744,Draymond,Green,1990-03-04,78,230,F,2012,13
203109,1610612758,Jae,Crowder,1990-07-06,78,235,F,2012,13
203095,1610612765,Evan,Fournier,1992-10-29,78,205,G-F,2012,11
203084,1610612759,Harrison,Barnes,1992-05-30,80,225,F,2012,13
203083,1610612755,Andre,Drummond,1993-08-10,83,279,C,2012,13
203081,1610612757,Damian,Lillard,1990-07-15,74,195,G,2012,13
203078,1610612746,Bradley,Beal,1993-06-28,76,207,G,2012,13
203076,1610612742,Anthony,Davis,1993-03-11,82,253,F-C,2012,13
202722,1610612766,Dāvis,Bertāns,1992-11-12,82,225,F,2011,7
202711,1610612752,Bojan,Bogdanovic,1989-04-18,79,226,F,2011,9
202710,1610612744,Jimmy,Butler III,1989-09-14,79,230,F,2011,14
202709,1610612753,Cory,Joseph,1991-08-20,74,200,G,2011,14
202699,1610612765,Tobias,Harris,1992-07-15,80,226,F,2011,14
202696,1610612741,Nikola,Vučević,1990-10-24,82,260,C,2011,14
202695,1610612746,Kawhi,Leonard,1991-06-29,79,225,F,2011,13
202694,1610612739,Marcus,Morris Sr.,1989-09-02,80,218,F,2011,12
202693,1610612747,Markieff,Morris,1989-09-02,81,245,F,2011,14
202692,1610612748,Alec,Burks,1991-07-20,77,214,G,2011,14
202691,1610612742,Klay,Thompson,1990-02-08,77,220,G,2011,12
202687,1610612759,Bismack,Biyombo,1992-08-28,80,255,C,2011,14
202685,1610612743,Jonas,Valančiūnas,1992-05-06,83,265,C,2011,13
202684,1610612739,Tristan,Thompson,1991-03-13,81,254,C-F,2011,14
202681,1610612742,Kyrie,Irving,1992-03-23,74,195,G,2011,14
202331,1610612755,Paul,George,1990-05-02,80,220,F,2010,15
202330,1610612760,Gordon,Hayward,1990-03-23,79,225,F,2010,13
201988,1610612746,Patty,Mills,1988-08-11,74,180,G,2009,16
201976,1610612749,Patrick,Beverley,1988-07-12,74,180,G,2009,11
201959,1610612766,Taj,Gibson,1985-06-24,81,232,F,2009,16
201950,1610612757,Jrue,Holiday,1990-06-12,76,205,G,2009,16
201949,1610612754,James,Johnson,1987-02-20,79,240,F,2009,16
201942,1610612758,DeMar,DeRozan,1989-08-07,78,220,G-F,2009,16
201939,1610612744,Stephen,Curry,1988-03-14,74,185,G,2009,16
201935,1610612746,James,Harden,1989-08-26,77,220,G,2009,16
201599,1610612743,DeAndre,Jordan,1988-07-21,83,265,C,2008,17
201587,1610612746,Nicolas,Batum,1988-12-14,80,230,G-F,2008,17
201580,1610612758,JaVale,McGee,1988-01-19,84,270,C-F,2008,15
201572,1610612746,Brook,Lopez,1988-04-01,85,282,C,2008,17
201569,1610612755,Eric,Gordon,1988-12-25,75,215,G,2008,17
201568,1610612749,Danilo,Gallinari,1988-08-08,82,236,F,2008,13
201567,1610612762,Kevin,Love,1988-09-07,80,251,F-C,2008,17
201566,1610612743,Russell,Westbrook,1988-11-12,76,200,G,2008,17
201565,1610612763,Derrick,Rose,1988-10-04,75,200,G,2008,14
201152,1610612756,Thaddeus,Young,1988-06-21,80,225,F,2007,16
201145,1610612745,Jeff,Green,1986-08-28,80,235,F,2007,17
201144,1610612750,Mike,Conley,1987-10-11,72,175,G,2007,18
201143,1610612738,Al,Horford,1986-06-03,81,240,C-F,2007,18
201142,1610612745,Kevin,Durant,1988-09-29,83,240,F,2007,17
200782,1610612752,P.J.,Tucker,1985-05-05,77,245,F,2006,14
200768,1610612755,Kyle,Lowry,1986-03-25,72,196,G,2006,19
101108,1610612746,Chris,Paul,1985-05-06,72,175,G,2005,20
2544,1610612747,LeBron,James,1984-12-30,81,250,F,2003,22
